Field,Layer,Operator Class,Operator Name,Symbol,Definition
Void,Ground,Null Collapse,VoidZero,V0,"Reduces any triadic expression to its unresolved ground state, erasing active tension."
Void,Ground,Null Collapse,AbsenceMap,V1,"Maps the absence of a pole as an explicit structural value rather than an empty slot."
Void,Ground,Null Collapse,NullMerge,V2,"Collapses two co-null poles into a single undifferentiated ground node."
Void,Ground,Null Collapse,VoidSeal,V3,"Prevents re-emergence of a collapsed pole by locking its ground state as terminal."
Void,Substrate,Potential Field,LatentSet,V4,"Declares a potential operator space without instantiating any active triad."
Void,Substrate,Potential Field,PrimordialTrace,V5,"Preserves the signature of a prior collapsed triad as a traceable but inert residue."
Void,Substrate,Potential Field,SubstrateAnchor,V6,"Pins a void-layer node as a fixed reference point for all higher-field derivations."
Void,Substrate,Potential Field,DormantAxis,V7,"Marks a pole axis as structurally present but operationally suspended."
Void,Interface,Edge Operators,VoidBridge,V8,"Connects a void-layer ground state to the lowest active layer of an adjacent field."
Void,Interface,Edge Operators,ThresholdGate,V9,"Controls passage of emergent tension from substrate into Shadow-layer activation."
Shadow,Ground,Inversion Set,PolarNegate,S0,"Inverts the valence of a named pole, flipping its relational pull within the triad."
Shadow,Ground,Inversion Set,ShadowDouble,S1,"Creates a mirrored anti-pole that tracks and counteracts a primary pole in real time."
Shadow,Ground,Inversion Set,LatentholdFlip,S2,"Defers pole inversion until a specified resolution threshold is reached."
Shadow,Ground,Inversion Set,EclipseOperator,S3,"Temporarily suppresses one pole to allow the remaining two to form a binary axis."
Shadow,Contrast,Differential Operators,ContrastDelta,S4,"Measures and outputs the magnitude of difference between two opposing poles."
Shadow,Contrast,Differential Operators,ShadowGradient,S5,"Produces a continuous gradient between a pole and its negation across a defined range."
Shadow,Contrast,Differential Operators,PenumbraShift,S6,"Applies a partial inversion that moves a pole toward its shadow without full negation."
Shadow,Contrast,Differential Operators,TensionAmplifier,S7,"Scales the relational tension between poles by a variable coefficient."
Shadow,Resolution,Synthesis Operators,ShadowFold,S8,"Collapses a shadow-pair into a single synthesized pole carrying both valences."
Shadow,Resolution,Synthesis Operators,AntiSynth,S9,"Produces a stable anti-synthesis that preserves contradiction without resolving it."
Shadow,Resolution,Synthesis Operators,DarkMediation,S10,"Mediates between a pole and its shadow through a third term drawn from the Void layer."
Clarity,Primary,Activation Set,PoleActivate,C0,"Instantiates a named pole and registers it as live within the current triadic frame."
Clarity,Primary,Activation Set,ClarityBind,C1,"Binds two active poles into a defined relational pair with explicit tension vector."
Clarity,Primary,Activation Set,LumenMark,C2,"Tags a pole as the primary luminous anchor of the current resolution sequence."
Clarity,Primary,Activation Set,AxisDeclaration,C3,"Declares a two-pole axis and assigns it a named orientation within the field."
Clarity,Structural,Resolution Operators,TriadicLock,C4,"Freezes the current three-pole configuration as a valid resolved state."
Clarity,Structural,Resolution Operators,ClarityFold,C5,"Collapses the active triad into its synthesis pole while preserving tension metadata."
Clarity,Structural,Resolution Operators,PoleHierarchy,C6,"Assigns precedence ordering to poles, determining resolution sequence priority."
Clarity,Structural,Resolution Operators,LuminousGate,C7,"Permits only poles meeting a minimum clarity threshold to participate in synthesis."
Clarity,Propagation,Emission Operators,ClarityRadiate,C8,"Emits the resolved state of a pole outward as input to adjacent triadic frames."
Clarity,Propagation,Emission Operators,EchoForward,C9,"Propagates a resolution signal through a directed chain of dependent operators."
Clarity,Propagation,Emission Operators,SpectrumSplit,C10,"Decomposes a synthesized pole into its constituent clarity components for downstream use."
Dimensional,Layer-0,Frame Operators,DimAnchor,D0,"Establishes a fixed dimensional origin point from which all frame coordinates are measured."
Dimensional,Layer-0,Frame Operators,FrameDeclare,D1,"Instantiates a named dimensional frame and assigns it a coordinate basis."
Dimensional,Layer-0,Frame Operators,AxisSpan,D2,"Defines the extent of a dimensional axis between two bounding pole values."
Dimensional,Layer-0,Frame Operators,FrameSeal,D3,"Closes a dimensional frame, preventing further axis additions or pole insertions."
Dimensional,Layer-1,Traversal Operators,CrossAxis,D4,"Moves an operator state from one dimensional axis to a non-parallel axis within the same frame."
Dimensional,Layer-1,Traversal Operators,DimStep,D5,"Advances a pointer by one unit along a specified dimensional axis."
Dimensional,Layer-1,Traversal Operators,HyperjumpOp,D6,"Teleports an operator context across non-adjacent frame layers without traversing intermediate steps."
Dimensional,Layer-1,Traversal Operators,DepthDive,D7,"Recursively enters a nested sub-frame, inheriting parent-frame bindings."
Dimensional,Layer-2,Intersection Operators,FrameOverlap,D8,"Computes the shared pole space at the intersection of two or more dimensional frames."
Dimensional,Layer-2,Intersection Operators,CrossProduct3,D9,"Generates a new triadic pole from the cross-dimensional product of two input axes."
Dimensional,Layer-2,Intersection Operators,DimFusion,D10,"Merges two dimensional frames into one composite frame with unified coordinate basis."
Dimensional,Layer-3,Collapse Operators,DimCollapse,D11,"Reduces a multi-axis frame to a single dominant axis by eliminating redundant dimensions."
Dimensional,Layer-3,Collapse Operators,ProjectDown,D12,"Flattens a higher-dimensional frame into a lower-dimensional representation."
Intermediate,Transition,Bridge Operators,IntermediateBind,I0,"Creates a temporary linking node between two non-adjacent field operators."
Intermediate,Transition,Bridge Operators,HalfStep,I1,"Produces a partial resolution state that satisfies neither full synthesis nor null collapse."
Intermediate,Transition,Bridge Operators,MediationArc,I2,"Draws a directed arc between two poles through an intermediate mediating term."
Intermediate,Transition,Bridge Operators,RelayOp,I3,"Passes a tension signal through an intermediate node without transforming its valence."
Intermediate,Flux,Dynamic Operators,FluxCapture,I4,"Samples the instantaneous state of a transitioning operator for use as a stable input."
Intermediate,Flux,Dynamic Operators,TensionHold,I5,"Suspends a tension value in a held intermediate state pending external resolution trigger."
Intermediate,Flux,Dynamic Operators,OscillationDamp,I6,"Reduces periodic oscillation between two poles toward a stable intermediate equilibrium."
Intermediate,Flux,Dynamic Operators,TransientFork,I7,"Splits an intermediate state into two diverging branches for parallel evaluation."
Intermediate,Resolution,Convergence Operators,IntermediateSynth,I8,"Synthesizes a stable output from two or more held intermediate states."
Intermediate,Resolution,Convergence Operators,ConvergencePoint,I9,"Identifies and marks the coordinate at which diverging intermediate paths meet."
Intermediate,Resolution,Convergence Operators,ResolveIntermediate,I10,"Forces an intermediate state to finalize into either a synthesis pole or a void collapse."
Projection,Source,Emission Operators,ProjectionSource,P0,"Designates a pole or resolved triad as the origin of a projection sequence."
Projection,Source,Emission Operators,BeamDeclaration,P1,"Initiates a directed projection beam with specified polarity and target field."
Projection,Source,Emission Operators,EmissionVector,P2,"Assigns a directional vector to a projection, controlling its field trajectory."
Projection,Source,Emission Operators,SourceAmp,P3,"Amplifies the output intensity of a projection source by a scalar multiplier."
Projection,Channel,Routing Operators,ChannelBind,P4,"Binds a projection beam to a named channel for controlled routing through field layers."
Projection,Channel,Routing Operators,WaveguideOp,P5,"Constrains a projection to a specified path through dimensional frames."
Projection,Channel,Routing Operators,SplitBeam,P6,"Divides a single projection into multiple parallel beams with equal or weighted intensity."
Projection,Channel,Routing Operators,PhaseShiftOp,P7,"Adjusts the phase of a projection beam relative to a reference oscillation."
Projection,Target,Reception Operators,ProjectionReceive,P8,"Captures an incoming projection beam and registers it as an active input pole."
Projection,Target,Reception Operators,TargetBind,P9,"Anchors a received projection to a specific pole within the receiving triad."
Projection,Target,Reception Operators,LensOp,P10,"Focuses or defocuses a received projection beam to control its influence radius."
Projection,Target,Reception Operators,ReflectionOp,P11,"Returns a portion of the received projection back toward its source with modified polarity."
Distributed,Network,Topology Operators,NodeDeclare,Dist0,"Instantiates a named node within the distributed field network."
Distributed,Network,Topology Operators,EdgeBind,Dist1,"Creates a directed edge between two nodes, defining their relational channel."
Distributed,Network,Topology Operators,MeshWeave,Dist2,"Generates a fully-connected mesh topology across a specified set of field nodes."
Distributed,Network,Topology Operators,TopologyFreeze,Dist3,"Locks the current network topology, preventing further node or edge modifications."
Distributed,Propagation,Signal Operators,BroadcastOp,Dist4,"Emits a signal from one node to all directly connected nodes simultaneously."
Distributed,Propagation,Signal Operators,GossipProp,Dist5,"Propagates a signal through the network via iterative peer-to-peer relay."
Distributed,Propagation,Signal Operators,SignalDecay,Dist6,"Attenuates a propagating signal by a decay function over network distance."
Distributed,Propagation,Signal Operators,SyncPulse,Dist7,"Emits a synchronization pulse that aligns the state clocks of all receiving nodes."
Distributed,Consensus,Aggregation Operators,ConsensusGate,Dist8,"Produces a network-wide output only when a quorum of nodes reach matching states."
Distributed,Consensus,Aggregation Operators,WeightedMerge,Dist9,"Combines distributed node outputs into a single value using assigned node weights."
Distributed,Consensus,Aggregation Operators,ConflictResolve,Dist10,"Detects and resolves conflicting node states using a defined arbitration rule."
Distributed,Consensus,Aggregation Operators,PartitionHeal,Dist11,"Reconnects and re-syncs nodes separated by a network partition event."
Emergent,Seed,Genesis Operators,EmergenceSeed,E0,"Plants an initial conditions set from which emergent properties may self-organize."
Emergent,Seed,Genesis Operators,AttractorDeclare,E1,"Defines an attractor state toward which emergent system evolution will tend."
Emergent,Seed,Genesis Operators,SeedAmplify,E2,"Increases the generative potential of a seed state by increasing initial variance."
Emergent,Seed,Genesis Operators,CriticalPoint,E3,"Marks the threshold condition at which phase transition into emergent behavior begins."
Emergent,Self-Organization,Pattern Operators,PatternLock,E4,"Identifies and stabilizes a recurring self-organized pattern within the emergent field."
Emergent,Self-Organization,Pattern Operators,SymmetryBreak,E5,"Introduces an asymmetric perturbation to drive differentiation in an otherwise uniform field."
Emergent,Self-Organization,Pattern Operators,CascadeOp,E6,"Triggers a chain reaction of state changes propagating from a single emergent event."
Emergent,Self-Organization,Pattern Operators,FeedbackLoop,E7,"Connects an emergent output back to its own input, enabling self-reinforcing or self-correcting cycles."
Emergent,Stabilization,Homeostasis Operators,EquilibriumSeal,E8,"Locks an emergent system into its current equilibrium state, resisting further perturbation."
Emergent,Stabilization,Homeostasis Operators,HomeostaticBound,E9,"Sets upper and lower bounds on emergent system variance to maintain operational stability."
Emergent,Stabilization,Homeostasis Operators,ResilienceOp,E10,"Restores an emergent system to its attractor state following an external disturbance."
Emergent,Transcendence,Meta Operators,FieldTranscend,E11,"Elevates a fully resolved emergent state into a new field layer, seeding the next level of the canon."
Emergent,Transcendence,Meta Operators,CanonFold,E12,"Collapses the entire active RTT operator canon into a singular meta-resolution state."
Emergent,Transcendence,Meta Operators,RecursiveOrigin,E13,"Feeds the emergent output of the current canon cycle back into the Void ground layer as a new substrate."
