Field,Austria,Belgium,Czech Republic,Denmark,Finland,France,Germany,Greece,Hungary,Ireland,Italy,Netherlands,Norway,Poland,Portugal,Romania,Spain,Sweden,Switzerland,Ukraine,United Kingdom
Total Population,,,,,,,,,,,,,,,,,,,,,
Citizens,,,,,,,,,,,,,,,,,,,,,
Legal Residents,,,,,,,,,,,,,,,,,,,,,
Visitors (Annual),,,,,,,,,,,,,,,,,,,,,
Undocumented / Illegals (Estimated),,,,,,,,,,,,,,,,,,,,,
Birth Rate (per 1k),,,,,,,,,,,,,,,,,,,,,
Death Rate (per 1k),,,,,,,,,,,,,,,,,,,,,
Suicide Rate (per 100k),,,,,,,,,,,,,,,,,,,,,
Mortality Rate (Infant),,,,,,,,,,,,,,,,,,,,,
Life Expectancy,,,,,,,,,,,,,,,,,,,,,
Population Growth Rate (%),,,,,,,,,,,,,,,,,,,,,
Migration Rate (Net per 1k),,,,,,,,,,,,,,,,,,,,,
Crime Rate (per 100k),,,,,,,,,,,,,,,,,,,,,
Violent Crime Rate,,,,,,,,,,,,,,,,,,,,,
Property Crime Rate,,,,,,,,,,,,,,,,,,,,,
Safety Score,,,,,,,,,,,,,,,,,,,,,
Drug Policy,,,,,,,,,,,,,,,,,,,,,
Number of Attorneys,,,,,,,,,,,,,,,,,,,,,
Incarceration Rate,,,,,,,,,,,,,,,,,,,,,
Judicial Independence Score,,,,,,,,,,,,,,,,,,,,,
Health Care Coverage (%),,,,,,,,,,,,,,,,,,,,,
Hospitals per 100k,,,,,,,,,,,,,,,,,,,,,
Mental Health Access Index,,,,,,,,,,,,,,,,,,,,,
Vaccination Coverage (%),,,,,,,,,,,,,,,,,,,,,
Disability Prevalence (%),,,,,,,,,,,,,,,,,,,,,
Obesity Rate (%),,,,,,,,,,,,,,,,,,,,,
Alcohol Consumption (liters),,,,,,,,,,,,,,,,,,,,,
Tobacco Use (%),,,,,,,,,,,,,,,,,,,,,
Education Level (Avg. years),,,,,,,,,,,,,,,,,,,,,
Graduation Rate (%),,,,,,,,,,,,,,,,,,,,,
Literacy Rate (%),,,,,,,,,,,,,,,,,,,,,
Number of Universities,,,,,,,,,,,,,,,,,,,,,
Public vs Private Education Ratio,,,,,,,,,,,,,,,,,,,,,
Education Expenditure (% of GDP),,,,,,,,,,,,,,,,,,,,,
Research Output Index,,,,,,,,,,,,,,,,,,,,,
Power Generation Plants,,,,,,,,,,,,,,,,,,,,,
Renewable Energy Share (%),,,,,,,,,,,,,,,,,,,,,
Water Quality Index,,,,,,,,,,,,,,,,,,,,,
Air Quality Index (AQI),,,,,,,,,,,,,,,,,,,,,
Waste Management Score,,,,,,,,,,,,,,,,,,,,,
Carbon Emissions (tons per capita),,,,,,,,,,,,,,,,,,,,,
Climate Vulnerability Index,,,,,,,,,,,,,,,,,,,,,
GDP (Nominal USD),,,,,,,,,,,,,,,,,,,,,
GDP per Capita (USD),,,,,,,,,,,,,,,,,,,,,
Currency,,,,,,,,,,,,,,,,,,,,,
Inflation Rate (%),,,,,,,,,,,,,,,,,,,,,
Employment Rate (%),,,,,,,,,,,,,,,,,,,,,
Unemployment Rate (%),,,,,,,,,,,,,,,,,,,,,
Poverty Level (%),,,,,,,,,,,,,,,,,,,,,
Public Debt (% of GDP),,,,,,,,,,,,,,,,,,,,,
Economic Growth Rate (%),,,,,,,,,,,,,,,,,,,,,
Major Industries,,,,,,,,,,,,,,,,,,,,,
Tourism Volume (Annual Visitors),,,,,,,,,,,,,,,,,,,,,
Major Attractions,,,,,,,,,,,,,,,,,,,,,
Holy Sites,,,,,,,,,,,,,,,,,,,,,
Cultural Heritage Sites,,,,,,,,,,,,,,,,,,,,,
Language(s),,,,,,,,,,,,,,,,,,,,,
Religion(s),,,,,,,,,,,,,,,,,,,,,
Badge Logic Overlay,,,,,,,,,,,,,,,,,,,,,
Contributor Notes,,,,,,,,,,,,,,,,,,,,,
Remix Potential Score,,,,,,,,,,,,,,,,,,,,,
Symbolic Weight Score,,,,,,,,,,,,,,,,,,,,,
